<?xml version="1.0" encoding="UTF-8"?>
<preferences>
 <debug showDebugMenu="0" />
 <systemtable filter="Default">
  <columns>
   <opcodeName visible="0" />
   <connections preferredWidth="63" />
   <irq preferredWidth="34" />
   <export visible="0" />
  </columns>
 </systemtable>
 <clocktable>
  <columns>
   <clockname preferredWidth="224" />
   <clocksource preferredWidth="224" />
   <frequency preferredWidth="205" />
  </columns>
 </clocktable>
 <window width="1146" height="784" x="3" y="117" />
 <library
   expandedCategories="Library/Memories and Memory Controllers,Library/Memories and Memory Controllers/External Memory Interfaces/Memory Interfaces,Project,Library/Memories and Memory Controllers/External Memory Interfaces/Memory Interfaces/Flash,Library/Memories and Memory Controllers/External Memory Interfaces,Library" />
</preferences>
