<?xml version="1.0" ?>
<LOG_ROOT>
	<PROJECT NAME="nios2">
		<CBX_INST_ENTRY INSTANCE_NAME="|nios2lab1|cpu1:cpu1|cpu:the_cpu|cpu_dc_data_module:cpu_dc_data|altsyncram:the_altsyncram" CBX_FILE_NAME="altsyncram_29f1.tdf"/>
		<CBX_INST_ENTRY INSTANCE_NAME="|nios2lab1|cpu1:cpu1|cpu:the_cpu|cpu_nios2_oci:the_cpu_nios2_oci|cpu_nios2_oci_im:the_cpu_nios2_oci_im|cpu_traceram_lpm_dram_bdp_component_module:cpu_traceram_lpm_dram_bdp_component|altsyncram:the_altsyncram" CBX_FILE_NAME="altsyncram_e502.tdf"/>
		<CBX_INST_ENTRY INSTANCE_NAME="|nios2lab1|cpu1:cpu1|cpu:the_cpu|cpu_register_bank_a_module:cpu_register_bank_a|altsyncram:the_altsyncram" CBX_FILE_NAME="altsyncram_p2f1.tdf"/>
		<CBX_INST_ENTRY INSTANCE_NAME="|nios2lab1|cpu1:cpu1|jtag_uart:the_jtag_uart|jtag_uart_scfifo_w:the_jtag_uart_scfifo_w|scfifo:wfifo" CBX_FILE_NAME="scfifo_1n21.tdf"/>
		<CBX_INST_ENTRY INSTANCE_NAME="|nios2lab1|cpu1:cpu1|jtag_uart:the_jtag_uart|jtag_uart_scfifo_r:the_jtag_uart_scfifo_r|scfifo:rfifo" CBX_FILE_NAME="scfifo_1n21.tdf"/>
		<CBX_INST_ENTRY INSTANCE_NAME="|nios2lab1|sld_signaltap:auto_signaltap_0|sld_signaltap_impl:sld_signaltap_body|altdpram:\stp_non_zero_ram_gen:attribute_mem_gen:attribute_mem|lpm_decode:wdecoder" CBX_FILE_NAME="decode_rqf.tdf"/>
		<CBX_INST_ENTRY INSTANCE_NAME="|nios2lab1|sld_signaltap:auto_signaltap_0|sld_signaltap_impl:sld_signaltap_body|sld_offload_buffer_mgr:\stp_non_zero_depth_offload_gen:stp_offload_buff_mgr_inst|LPM_COUNTER:status_read_pointer_counter" CBX_FILE_NAME="cntr_gui.tdf"/>
		<CBX_INST_ENTRY INSTANCE_NAME="|nios2lab1|cpu1:cpu1|cpu:the_cpu|cpu_ic_data_module:cpu_ic_data|altsyncram:the_altsyncram" CBX_FILE_NAME="altsyncram_qed1.tdf"/>
		<CBX_INST_ENTRY INSTANCE_NAME="|nios2lab1|cpu1:cpu1|cpu:the_cpu|cpu_ic_tag_module:cpu_ic_tag|altsyncram:the_altsyncram" CBX_FILE_NAME="altsyncram_s0g1.tdf"/>
		<CBX_INST_ENTRY INSTANCE_NAME="|nios2lab1|cpu1:cpu1|cpu:the_cpu|cpu_mult_cell:the_cpu_mult_cell|altmult_add:the_altmult_add_part_2" CBX_FILE_NAME="mult_add_6cr2.tdf"/>
		<CBX_INST_ENTRY INSTANCE_NAME="|nios2lab1|cpu1:cpu1|cpu:the_cpu|cpu_register_bank_b_module:cpu_register_bank_b|altsyncram:the_altsyncram" CBX_FILE_NAME="altsyncram_q2f1.tdf"/>
		<CBX_INST_ENTRY INSTANCE_NAME="|nios2lab1|cpu1:cpu1|cpu:the_cpu|lpm_add_sub:Add17" CBX_FILE_NAME="add_sub_8ri.tdf"/>
		<CBX_INST_ENTRY INSTANCE_NAME="|nios2lab1|sld_signaltap:auto_signaltap_0|sld_signaltap_impl:sld_signaltap_body|sld_offload_buffer_mgr:\stp_non_zero_depth_offload_gen:stp_offload_buff_mgr_inst|LPM_COUNTER:read_pointer_counter" CBX_FILE_NAME="cntr_02j.tdf"/>
		<CBX_INST_ENTRY INSTANCE_NAME="|nios2lab1|cpu1:cpu1|epcs_flash_controller_0:the_epcs_flash_controller_0|altsyncram:the_boot_copier_rom" CBX_FILE_NAME="altsyncram_6551.tdf"/>
		<CBX_INST_ENTRY INSTANCE_NAME="|nios2lab1|sld_signaltap:auto_signaltap_0|sld_signaltap_impl:sld_signaltap_body|altsyncram:\stp_non_zero_ram_gen:stp_buffer_ram" CBX_FILE_NAME="altsyncram_up14.tdf"/>
		<CBX_INST_ENTRY INSTANCE_NAME="|nios2lab1|sld_signaltap:auto_signaltap_0|sld_signaltap_impl:sld_signaltap_body|sld_offload_buffer_mgr:\stp_non_zero_depth_offload_gen:stp_offload_buff_mgr_inst|LPM_COUNTER:status_advance_pointer_counter" CBX_FILE_NAME="cntr_sbi.tdf"/>
		<CBX_INST_ENTRY INSTANCE_NAME="|nios2lab1|cpu1:cpu1|cpu:the_cpu|cpu_bht_module:cpu_bht|altsyncram:the_altsyncram" CBX_FILE_NAME="altsyncram_pkf1.tdf"/>
		<CBX_INST_ENTRY INSTANCE_NAME="|nios2lab1|cpu1:cpu1|cpu:the_cpu|cpu_dc_tag_module:cpu_dc_tag|altsyncram:the_altsyncram" CBX_FILE_NAME="altsyncram_h9f1.tdf"/>
		<CBX_INST_ENTRY INSTANCE_NAME="|nios2lab1|cpu1:cpu1|cpu:the_cpu|cpu_dc_victim_module:cpu_dc_victim|altsyncram:the_altsyncram" CBX_FILE_NAME="altsyncram_9vc1.tdf"/>
		<CBX_INST_ENTRY INSTANCE_NAME="|nios2lab1|cpu1:cpu1|cpu:the_cpu|cpu_nios2_oci:the_cpu_nios2_oci|cpu_nios2_ocimem:the_cpu_nios2_ocimem|cpu_ociram_lpm_dram_bdp_component_module:cpu_ociram_lpm_dram_bdp_component|altsyncram:the_altsyncram" CBX_FILE_NAME="altsyncram_t072.tdf"/>
		<CBX_INST_ENTRY INSTANCE_NAME="|nios2lab1|sld_signaltap:auto_signaltap_0|sld_signaltap_impl:sld_signaltap_body|altdpram:\stp_non_zero_ram_gen:attribute_mem_gen:attribute_mem|lpm_mux:mux" CBX_FILE_NAME="mux_aoc.tdf"/>
		<CBX_INST_ENTRY INSTANCE_NAME="|nios2lab1|sld_signaltap:auto_signaltap_0|sld_signaltap_impl:sld_signaltap_body|sld_offload_buffer_mgr:\stp_non_zero_depth_offload_gen:stp_offload_buff_mgr_inst|LPM_COUNTER:\adv_point_3_and_more:advance_pointer_counter" CBX_FILE_NAME="cntr_vbi.tdf"/>
		<CBX_INST_ENTRY INSTANCE_NAME="|nios2lab1|cpu1:cpu1|cpu:the_cpu|cpu_mult_cell:the_cpu_mult_cell|altmult_add:the_altmult_add_part_1" CBX_FILE_NAME="mult_add_4cr2.tdf"/>
		<CBX_INST_ENTRY INSTANCE_NAME="|nios2lab1|cpu1:cpu1|onchip_mem:the_onchip_mem|altsyncram:the_altsyncram" CBX_FILE_NAME="altsyncram_kib1.tdf"/>
	</PROJECT>
</LOG_ROOT>
