<?xml version="1.0" encoding="UTF-8"?>
<ProgramExecution>
 <SOPCSystem>
  <CompileID>0</CompileID>
  <DeviceFamily>CYCLONEII</DeviceFamily>
  <HDLLanguage>VERILOG</HDLLanguage>
  <Qsys>0</Qsys>
  <SOPCModule>
   <C>200</C>
   <ModuleType>non_altera_module</ModuleType>
   <SOPCInterface>
    <C>201</C>
    <InterfaceType>clock_end</InterfaceType>
    <SOPCInterfaceParameter>
     <C>202</C>
     <Name>clockRate</Name>
     <Value>50000000</Value>
    </SOPCInterfaceParameter>
    <SOPCInterfaceParameter>
     <C>203</C>
     <Name>externallyDriven</Name>
     <Value>false</Value>
    </SOPCInterfaceParameter>
    <SOPCInterfaceParameter>
     <C>204</C>
     <Name>ptfSchematicName</Name>
     <Value></Value>
    </SOPCInterfaceParameter>
    <SOPCPort>
     <C>205</C>
     <Direction>Input</Direction>
     <Role>clk</Role>
     <Width>1</Width>
    </SOPCPort>
   </SOPCInterface>
   <SOPCInterface>
    <C>206</C>
    <InterfaceType>reset_end</InterfaceType>
    <SOPCInterfaceParameter>
     <C>207</C>
     <Name>associatedClock</Name>
     <Value></Value>
    </SOPCInterfaceParameter>
    <SOPCInterfaceParameter>
     <C>208</C>
     <Name>synchronousEdges</Name>
     <Value>NONE</Value>
    </SOPCInterfaceParameter>
    <SOPCPort>
     <C>209</C>
     <Direction>Input</Direction>
     <Role>reset_n</Role>
     <Width>1</Width>
    </SOPCPort>
   </SOPCInterface>
   <SOPCInterface>
    <C>210</C>
    <InterfaceType>clock_start</InterfaceType>
    <SOPCInterfaceParameter>
     <C>211</C>
     <Name>associatedDirectClock</Name>
     <Value>clk_in</Value>
    </SOPCInterfaceParameter>
    <SOPCInterfaceParameter>
     <C>212</C>
     <Name>clockRate</Name>
     <Value>50000000</Value>
    </SOPCInterfaceParameter>
    <SOPCInterfaceParameter>
     <C>213</C>
     <Name>clockRateKnown</Name>
     <Value>true</Value>
    </SOPCInterfaceParameter>
    <SOPCInterfaceParameter>
     <C>214</C>
     <Name>externallyDriven</Name>
     <Value>true</Value>
    </SOPCInterfaceParameter>
    <SOPCInterfaceParameter>
     <C>215</C>
     <Name>ptfSchematicName</Name>
     <Value></Value>
    </SOPCInterfaceParameter>
    <SOPCPort>
     <C>216</C>
     <Direction>Output</Direction>
     <Role>clk</Role>
     <Width>1</Width>
    </SOPCPort>
   </SOPCInterface>
   <SOPCInterface>
    <C>217</C>
    <InterfaceType>reset_start</InterfaceType>
    <SOPCInterfaceParameter>
     <C>218</C>
     <Name>associatedClock</Name>
     <Value></Value>
    </SOPCInterfaceParameter>
    <SOPCInterfaceParameter>
     <C>219</C>
     <Name>associatedDirectReset</Name>
     <Value>clk_in_reset</Value>
    </SOPCInterfaceParameter>
    <SOPCInterfaceParameter>
     <C>220</C>
     <Name>associatedResetSinks</Name>
     <Value>clk_in_reset</Value>
    </SOPCInterfaceParameter>
    <SOPCInterfaceParameter>
     <C>221</C>
     <Name>synchronousEdges</Name>
     <Value>NONE</Value>
    </SOPCInterfaceParameter>
    <SOPCPort>
     <C>222</C>
     <Direction>Output</Direction>
     <Role>reset_n</Role>
     <Width>1</Width>
    </SOPCPort>
   </SOPCInterface>
  </SOPCModule>
  <SOPCModule>
   <C>223</C>
   <ModuleType>altera_nios2</ModuleType>
   <SOPCModuleParameter>
    <C>224</C>
    <Name>userDefinedSettings</Name>
    <Value></Value>
   </SOPCModuleParameter>
   <SOPCModuleParameter>
    <C>225</C>
    <Name>tightlyCoupledInstructionMaster3MapParam</Name>
    <Value></Value>
   </SOPCModuleParameter>
   <SOPCModuleParameter>
    <C>226</C>
    <Name>tightlyCoupledInstructionMaster3AddrWidth</Name>
    <Value>1</Value>
   </SOPCModuleParameter>
   <SOPCModuleParameter>
    <C>227</C>
    <Name>tightlyCoupledInstructionMaster2MapParam</Name>
    <Value></Value>
   </SOPCModuleParameter>
   <SOPCModuleParameter>
    <C>228</C>
    <Name>tightlyCoupledInstructionMaster2AddrWidth</Name>
    <Value>1</Value>
   </SOPCModuleParameter>
   <SOPCModuleParameter>
    <C>229</C>
    <Name>tightlyCoupledInstructionMaster1MapParam</Name>
    <Value></Value>
   </SOPCModuleParameter>
   <SOPCModuleParameter>
    <C>230</C>
    <Name>tightlyCoupledInstructionMaster1AddrWidth</Name>
    <Value>1</Value>
   </SOPCModuleParameter>
   <SOPCModuleParameter>
    <C>231</C>
    <Name>tightlyCoupledInstructionMaster0MapParam</Name>
    <Value></Value>
   </SOPCModuleParameter>
   <SOPCModuleParameter>
    <C>232</C>
    <Name>tightlyCoupledInstructionMaster0AddrWidth</Name>
    <Value>1</Value>
   </SOPCModuleParameter>
   <SOPCModuleParameter>
    <C>233</C>
    <Name>tightlyCoupledDataMaster3MapParam</Name>
    <Value></Value>
   </SOPCModuleParameter>
   <SOPCModuleParameter>
    <C>234</C>
    <Name>tightlyCoupledDataMaster3AddrWidth</Name>
    <Value>1</Value>
   </SOPCModuleParameter>
   <SOPCModuleParameter>
    <C>235</C>
    <Name>tightlyCoupledDataMaster2MapParam</Name>
    <Value></Value>
   </SOPCModuleParameter>
   <SOPCModuleParameter>
    <C>236</C>
    <Name>tightlyCoupledDataMaster2AddrWidth</Name>
    <Value>1</Value>
   </SOPCModuleParameter>
   <SOPCModuleParameter>
    <C>237</C>
    <Name>tightlyCoupledDataMaster1MapParam</Name>
    <Value></Value>
   </SOPCModuleParameter>
   <SOPCModuleParameter>
    <C>238</C>
    <Name>tightlyCoupledDataMaster1AddrWidth</Name>
    <Value>1</Value>
   </SOPCModuleParameter>
   <SOPCModuleParameter>
    <C>239</C>
    <Name>tightlyCoupledDataMaster0MapParam</Name>
    <Value></Value>
   </SOPCModuleParameter>
   <SOPCModuleParameter>
    <C>240</C>
    <Name>tightlyCoupledDataMaster0AddrWidth</Name>
    <Value>1</Value>
   </SOPCModuleParameter>
   <SOPCModuleParameter>
    <C>241</C>
    <Name>setting_showUnpublishedSettings</Name>
    <Value>false</Value>
   </SOPCModuleParameter>
   <SOPCModuleParameter>
    <C>242</C>
    <Name>setting_showInternalSettings</Name>
    <Value>false</Value>
   </SOPCModuleParameter>
   <SOPCModuleParameter>
    <C>243</C>
    <Name>setting_shadowRegisterSets</Name>
    <Value>0</Value>
   </SOPCModuleParameter>
   <SOPCModuleParameter>
    <C>244</C>
    <Name>setting_preciseSlaveAccessErrorException</Name>
    <Value>false</Value>
   </SOPCModuleParameter>
   <SOPCModuleParameter>
    <C>245</C>
    <Name>setting_preciseIllegalMemAccessException</Name>
    <Value>false</Value>
   </SOPCModuleParameter>
   <SOPCModuleParameter>
    <C>246</C>
    <Name>setting_preciseDivisionErrorException</Name>
    <Value>false</Value>
   </SOPCModuleParameter>
   <SOPCModuleParameter>
    <C>247</C>
    <Name>setting_performanceCounter</Name>
    <Value>false</Value>
   </SOPCModuleParameter>
   <SOPCModuleParameter>
    <C>248</C>
    <Name>setting_perfCounterWidth</Name>
    <Value>_32</Value>
   </SOPCModuleParameter>
   <SOPCModuleParameter>
    <C>249</C>
    <Name>setting_interruptControllerType</Name>
    <Value>Internal</Value>
   </SOPCModuleParameter>
   <SOPCModuleParameter>
    <C>250</C>
    <Name>setting_illegalMemAccessDetection</Name>
    <Value>false</Value>
   </SOPCModuleParameter>
   <SOPCModuleParameter>
    <C>251</C>
    <Name>setting_illegalInstructionsTrap</Name>
    <Value>false</Value>
   </SOPCModuleParameter>
   <SOPCModuleParameter>
    <C>252</C>
    <Name>setting_fullWaveformSignals</Name>
    <Value>false</Value>
   </SOPCModuleParameter>
   <SOPCModuleParameter>
    <C>253</C>
    <Name>setting_extraExceptionInfo</Name>
    <Value>false</Value>
   </SOPCModuleParameter>
   <SOPCModuleParameter>
    <C>254</C>
    <Name>setting_exportPCB</Name>
    <Value>false</Value>
   </SOPCModuleParameter>
   <SOPCModuleParameter>
    <C>255</C>
    <Name>setting_debugSimGen</Name>
    <Value>false</Value>
   </SOPCModuleParameter>
   <SOPCModuleParameter>
    <C>256</C>
    <Name>setting_clearXBitsLDNonBypass</Name>
    <Value>true</Value>
   </SOPCModuleParameter>
   <SOPCModuleParameter>
    <C>257</C>
    <Name>setting_branchPredictionType</Name>
    <Value>Automatic</Value>
   </SOPCModuleParameter>
   <SOPCModuleParameter>
    <C>258</C>
    <Name>setting_bit31BypassDCache</Name>
    <Value>true</Value>
   </SOPCModuleParameter>
   <SOPCModuleParameter>
    <C>259</C>
    <Name>setting_bigEndian</Name>
    <Value>false</Value>
   </SOPCModuleParameter>
   <SOPCModuleParameter>
    <C>260</C>
    <Name>setting_bhtPtrSz</Name>
    <Value>_8</Value>
   </SOPCModuleParameter>
   <SOPCModuleParameter>
    <C>261</C>
    <Name>setting_bhtIndexPcOnly</Name>
    <Value>false</Value>
   </SOPCModuleParameter>
   <SOPCModuleParameter>
    <C>262</C>
    <Name>setting_avalonDebugPortPresent</Name>
    <Value>false</Value>
   </SOPCModuleParameter>
   <SOPCModuleParameter>
    <C>263</C>
    <Name>setting_alwaysEncrypt</Name>
    <Value>true</Value>
   </SOPCModuleParameter>
   <SOPCModuleParameter>
    <C>264</C>
    <Name>setting_allowFullAddressRange</Name>
    <Value>false</Value>
   </SOPCModuleParameter>
   <SOPCModuleParameter>
    <C>265</C>
    <Name>setting_activateTrace</Name>
    <Value>true</Value>
   </SOPCModuleParameter>
   <SOPCModuleParameter>
    <C>266</C>
    <Name>setting_activateTestEndChecker</Name>
    <Value>false</Value>
   </SOPCModuleParameter>
   <SOPCModuleParameter>
    <C>267</C>
    <Name>setting_activateMonitors</Name>
    <Value>true</Value>
   </SOPCModuleParameter>
   <SOPCModuleParameter>
    <C>268</C>
    <Name>setting_activateModelChecker</Name>
    <Value>false</Value>
   </SOPCModuleParameter>
   <SOPCModuleParameter>
    <C>269</C>
    <Name>setting_HDLSimCachesCleared</Name>
    <Value>true</Value>
   </SOPCModuleParameter>
   <SOPCModuleParameter>
    <C>270</C>
    <Name>setting_HBreakTest</Name>
    <Value>false</Value>
   </SOPCModuleParameter>
   <SOPCModuleParameter>
    <C>271</C>
    <Name>resetSlave</Name>
    <Value>epcs_flash_controller_0.epcs_control_port</Value>
   </SOPCModuleParameter>
   <SOPCModuleParameter>
    <C>272</C>
    <Name>resetOffset</Name>
    <Value>0</Value>
   </SOPCModuleParameter>
   <SOPCModuleParameter>
    <C>273</C>
    <Name>muldiv_multiplierType</Name>
    <Value>EmbeddedMulFast</Value>
   </SOPCModuleParameter>
   <SOPCModuleParameter>
    <C>274</C>
    <Name>muldiv_divider</Name>
    <Value>false</Value>
   </SOPCModuleParameter>
   <SOPCModuleParameter>
    <C>275</C>
    <Name>mpu_useLimit</Name>
    <Value>false</Value>
   </SOPCModuleParameter>
   <SOPCModuleParameter>
    <C>276</C>
    <Name>mpu_numOfInstRegion</Name>
    <Value>8</Value>
   </SOPCModuleParameter>
   <SOPCModuleParameter>
    <C>277</C>
    <Name>mpu_numOfDataRegion</Name>
    <Value>8</Value>
   </SOPCModuleParameter>
   <SOPCModuleParameter>
    <C>278</C>
    <Name>mpu_minInstRegionSize</Name>
    <Value>_12</Value>
   </SOPCModuleParameter>
   <SOPCModuleParameter>
    <C>279</C>
    <Name>mpu_minDataRegionSize</Name>
    <Value>_12</Value>
   </SOPCModuleParameter>
   <SOPCModuleParameter>
    <C>280</C>
    <Name>mpu_enabled</Name>
    <Value>false</Value>
   </SOPCModuleParameter>
   <SOPCModuleParameter>
    <C>281</C>
    <Name>mmu_uitlbNumEntries</Name>
    <Value>_4</Value>
   </SOPCModuleParameter>
   <SOPCModuleParameter>
    <C>282</C>
    <Name>mmu_udtlbNumEntries</Name>
    <Value>_6</Value>
   </SOPCModuleParameter>
   <SOPCModuleParameter>
    <C>283</C>
    <Name>mmu_tlbPtrSz</Name>
    <Value>_7</Value>
   </SOPCModuleParameter>
   <SOPCModuleParameter>
    <C>284</C>
    <Name>mmu_tlbNumWays</Name>
    <Value>_16</Value>
   </SOPCModuleParameter>
   <SOPCModuleParameter>
    <C>285</C>
    <Name>mmu_processIDNumBits</Name>
    <Value>_8</Value>
   </SOPCModuleParameter>
   <SOPCModuleParameter>
    <C>286</C>
    <Name>mmu_enabled</Name>
    <Value>false</Value>
   </SOPCModuleParameter>
   <SOPCModuleParameter>
    <C>287</C>
    <Name>mmu_autoAssignTlbPtrSz</Name>
    <Value>true</Value>
   </SOPCModuleParameter>
   <SOPCModuleParameter>
    <C>288</C>
    <Name>mmu_TLBMissExcSlave</Name>
    <Value></Value>
   </SOPCModuleParameter>
   <SOPCModuleParameter>
    <C>289</C>
    <Name>mmu_TLBMissExcOffset</Name>
    <Value>0</Value>
   </SOPCModuleParameter>
   <SOPCModuleParameter>
    <C>290</C>
    <Name>manuallyAssignCpuID</Name>
    <Value>false</Value>
   </SOPCModuleParameter>
   <SOPCModuleParameter>
    <C>291</C>
    <Name>internalIrqMaskSystemInfo</Name>
    <Value>7</Value>
   </SOPCModuleParameter>
   <SOPCModuleParameter>
    <C>292</C>
    <Name>instSlaveMapParam</Name>
    <Value><![CDATA[<address-map><slave name='cfi_flash_0.s1' start='0x0' end='0x800000' /><slave name='epcs_flash_controller_0.epcs_control_port' start='0x800800' end='0x801000' /><slave name='onchip_mem.s1' start='0x801000' end='0x802000' /><slave name='cpu.jtag_debug_module' start='0x802800' end='0x803000' /></address-map>]]></Value>
   </SOPCModuleParameter>
   <SOPCModuleParameter>
    <C>293</C>
    <Name>instAddrWidth</Name>
    <Value>24</Value>
   </SOPCModuleParameter>
   <SOPCModuleParameter>
    <C>294</C>
    <Name>impl</Name>
    <Value>Fast</Value>
   </SOPCModuleParameter>
   <SOPCModuleParameter>
    <C>295</C>
    <Name>icache_size</Name>
    <Value>_4096</Value>
   </SOPCModuleParameter>
   <SOPCModuleParameter>
    <C>296</C>
    <Name>icache_ramBlockType</Name>
    <Value>Automatic</Value>
   </SOPCModuleParameter>
   <SOPCModuleParameter>
    <C>297</C>
    <Name>icache_numTCIM</Name>
    <Value>_0</Value>
   </SOPCModuleParameter>
   <SOPCModuleParameter>
    <C>298</C>
    <Name>icache_burstType</Name>
    <Value>None</Value>
   </SOPCModuleParameter>
   <SOPCModuleParameter>
    <C>299</C>
    <Name>exceptionSlave</Name>
    <Value>onchip_mem.s1</Value>
   </SOPCModuleParameter>
   <SOPCModuleParameter>
    <C>300</C>
    <Name>exceptionOffset</Name>
    <Value>32</Value>
   </SOPCModuleParameter>
   <SOPCModuleParameter>
    <C>301</C>
    <Name>deviceFeaturesSystemInfo</Name>
    <Value>M512_MEMORY 0 M4K_MEMORY 1 M9K_MEMORY 0 M20K_MEMORY 0 M144K_MEMORY 0 MRAM_MEMORY 0 MLAB_MEMORY 0 ESB 0 EPCS 1 DSP 0 EMUL 1 HARDCOPY 0 LVDS_IO 0 ADDRESS_STALL 1 TRANSCEIVER_3G_BLOCK 0 TRANSCEIVER_6G_BLOCK 0 DSP_SHIFTER_BLOCK 0</Value>
   </SOPCModuleParameter>
   <SOPCModuleParameter>
    <C>302</C>
    <Name>deviceFamilyName</Name>
    <Value>Cyclone II</Value>
   </SOPCModuleParameter>
   <SOPCModuleParameter>
    <C>303</C>
    <Name>debug_triggerArming</Name>
    <Value>true</Value>
   </SOPCModuleParameter>
   <SOPCModuleParameter>
    <C>304</C>
    <Name>debug_level</Name>
    <Value>Level1</Value>
   </SOPCModuleParameter>
   <SOPCModuleParameter>
    <C>305</C>
    <Name>debug_jtagInstanceID</Name>
    <Value>0</Value>
   </SOPCModuleParameter>
   <SOPCModuleParameter>
    <C>306</C>
    <Name>debug_embeddedPLL</Name>
    <Value>true</Value>
   </SOPCModuleParameter>
   <SOPCModuleParameter>
    <C>307</C>
    <Name>debug_debugReqSignals</Name>
    <Value>false</Value>
   </SOPCModuleParameter>
   <SOPCModuleParameter>
    <C>308</C>
    <Name>debug_assignJtagInstanceID</Name>
    <Value>false</Value>
   </SOPCModuleParameter>
   <SOPCModuleParameter>
    <C>309</C>
    <Name>debug_OCIOnchipTrace</Name>
    <Value>_128</Value>
   </SOPCModuleParameter>
   <SOPCModuleParameter>
    <C>310</C>
    <Name>dcache_size</Name>
    <Value>_2048</Value>
   </SOPCModuleParameter>
   <SOPCModuleParameter>
    <C>311</C>
    <Name>dcache_ramBlockType</Name>
    <Value>Automatic</Value>
   </SOPCModuleParameter>
   <SOPCModuleParameter>
    <C>312</C>
    <Name>dcache_omitDataMaster</Name>
    <Value>false</Value>
   </SOPCModuleParameter>
   <SOPCModuleParameter>
    <C>313</C>
    <Name>dcache_numTCDM</Name>
    <Value>_0</Value>
   </SOPCModuleParameter>
   <SOPCModuleParameter>
    <C>314</C>
    <Name>dcache_lineSize</Name>
    <Value>_32</Value>
   </SOPCModuleParameter>
   <SOPCModuleParameter>
    <C>315</C>
    <Name>dcache_bursts</Name>
    <Value>false</Value>
   </SOPCModuleParameter>
   <SOPCModuleParameter>
    <C>316</C>
    <Name>dataSlaveMapParam</Name>
    <Value><![CDATA[<address-map><slave name='cfi_flash_0.s1' start='0x0' end='0x800000' /><slave name='epcs_flash_controller_0.epcs_control_port' start='0x800800' end='0x801000' /><slave name='onchip_mem.s1' start='0x801000' end='0x802000' /><slave name='cpu.jtag_debug_module' start='0x802800' end='0x803000' /><slave name='timer.s1' start='0x803000' end='0x803020' /><slave name='pio.s1' start='0x803020' end='0x803030' /><slave name='jtag_uart.avalon_jtag_slave' start='0x803030' end='0x803038' /></address-map>]]></Value>
   </SOPCModuleParameter>
   <SOPCModuleParameter>
    <C>317</C>
    <Name>dataAddrWidth</Name>
    <Value>24</Value>
   </SOPCModuleParameter>
   <SOPCModuleParameter>
    <C>318</C>
    <Name>customInstSlavesSystemInfo</Name>
    <Value><![CDATA[<info/>]]></Value>
   </SOPCModuleParameter>
   <SOPCModuleParameter>
    <C>319</C>
    <Name>cpuReset</Name>
    <Value>false</Value>
   </SOPCModuleParameter>
   <SOPCModuleParameter>
    <C>320</C>
    <Name>cpuID</Name>
    <Value>0</Value>
   </SOPCModuleParameter>
   <SOPCModuleParameter>
    <C>321</C>
    <Name>clockFrequency</Name>
    <Value>50000000</Value>
   </SOPCModuleParameter>
   <SOPCModuleParameter>
    <C>322</C>
    <Name>breakSlave</Name>
    <Value>cpu.jtag_debug_module</Value>
   </SOPCModuleParameter>
   <SOPCModuleParameter>
    <C>323</C>
    <Name>breakOffset</Name>
    <Value>32</Value>
   </SOPCModuleParameter>
  </SOPCModule>
  <SOPCModule>
   <C>324</C>
   <ModuleType>altera_avalon_onchip_memory2</ModuleType>
   <SOPCModuleParameter>
    <C>325</C>
    <Name>allowInSystemMemoryContentEditor</Name>
    <Value>false</Value>
   </SOPCModuleParameter>
   <SOPCModuleParameter>
    <C>326</C>
    <Name>autoInitializationFileName</Name>
    <Value>onchip_mem</Value>
   </SOPCModuleParameter>
   <SOPCModuleParameter>
    <C>327</C>
    <Name>blockType</Name>
    <Value>AUTO</Value>
   </SOPCModuleParameter>
   <SOPCModuleParameter>
    <C>328</C>
    <Name>dataWidth</Name>
    <Value>32</Value>
   </SOPCModuleParameter>
   <SOPCModuleParameter>
    <C>329</C>
    <Name>deviceFamily</Name>
    <Value>Cyclone II</Value>
   </SOPCModuleParameter>
   <SOPCModuleParameter>
    <C>330</C>
    <Name>dualPort</Name>
    <Value>false</Value>
   </SOPCModuleParameter>
   <SOPCModuleParameter>
    <C>331</C>
    <Name>initMemContent</Name>
    <Value>true</Value>
   </SOPCModuleParameter>
   <SOPCModuleParameter>
    <C>332</C>
    <Name>initializationFileName</Name>
    <Value>onchip_mem</Value>
   </SOPCModuleParameter>
   <SOPCModuleParameter>
    <C>333</C>
    <Name>instanceID</Name>
    <Value>NONE</Value>
   </SOPCModuleParameter>
   <SOPCModuleParameter>
    <C>334</C>
    <Name>memorySize</Name>
    <Value>4096</Value>
   </SOPCModuleParameter>
   <SOPCModuleParameter>
    <C>335</C>
    <Name>readDuringWriteMode</Name>
    <Value>DONT_CARE</Value>
   </SOPCModuleParameter>
   <SOPCModuleParameter>
    <C>336</C>
    <Name>simAllowMRAMContentsFile</Name>
    <Value>false</Value>
   </SOPCModuleParameter>
   <SOPCModuleParameter>
    <C>337</C>
    <Name>simMemInitOnlyFilename</Name>
    <Value>0</Value>
   </SOPCModuleParameter>
   <SOPCModuleParameter>
    <C>338</C>
    <Name>singleClockOperation</Name>
    <Value>false</Value>
   </SOPCModuleParameter>
   <SOPCModuleParameter>
    <C>339</C>
    <Name>slave1Latency</Name>
    <Value>1</Value>
   </SOPCModuleParameter>
   <SOPCModuleParameter>
    <C>340</C>
    <Name>slave2Latency</Name>
    <Value>1</Value>
   </SOPCModuleParameter>
   <SOPCModuleParameter>
    <C>341</C>
    <Name>useNonDefaultInitFile</Name>
    <Value>false</Value>
   </SOPCModuleParameter>
   <SOPCModuleParameter>
    <C>342</C>
    <Name>useShallowMemBlocks</Name>
    <Value>false</Value>
   </SOPCModuleParameter>
   <SOPCModuleParameter>
    <C>343</C>
    <Name>writable</Name>
    <Value>true</Value>
   </SOPCModuleParameter>
  </SOPCModule>
  <SOPCModule>
   <C>344</C>
   <ModuleType>altera_avalon_jtag_uart</ModuleType>
   <SOPCModuleParameter>
    <C>345</C>
    <Name>allowMultipleConnections</Name>
    <Value>false</Value>
   </SOPCModuleParameter>
   <SOPCModuleParameter>
    <C>346</C>
    <Name>hubInstanceID</Name>
    <Value>0</Value>
   </SOPCModuleParameter>
   <SOPCModuleParameter>
    <C>347</C>
    <Name>readBufferDepth</Name>
    <Value>64</Value>
   </SOPCModuleParameter>
   <SOPCModuleParameter>
    <C>348</C>
    <Name>readIRQThreshold</Name>
    <Value>8</Value>
   </SOPCModuleParameter>
   <SOPCModuleParameter>
    <C>349</C>
    <Name>simInputCharacterStream</Name>
    <Value></Value>
   </SOPCModuleParameter>
   <SOPCModuleParameter>
    <C>350</C>
    <Name>simInteractiveOptions</Name>
    <Value>INTERACTIVE_ASCII_OUTPUT</Value>
   </SOPCModuleParameter>
   <SOPCModuleParameter>
    <C>351</C>
    <Name>useRegistersForReadBuffer</Name>
    <Value>false</Value>
   </SOPCModuleParameter>
   <SOPCModuleParameter>
    <C>352</C>
    <Name>useRegistersForWriteBuffer</Name>
    <Value>false</Value>
   </SOPCModuleParameter>
   <SOPCModuleParameter>
    <C>353</C>
    <Name>useRelativePathForSimFile</Name>
    <Value>false</Value>
   </SOPCModuleParameter>
   <SOPCModuleParameter>
    <C>354</C>
    <Name>writeBufferDepth</Name>
    <Value>64</Value>
   </SOPCModuleParameter>
   <SOPCModuleParameter>
    <C>355</C>
    <Name>writeIRQThreshold</Name>
    <Value>8</Value>
   </SOPCModuleParameter>
  </SOPCModule>
  <SOPCModule>
   <C>356</C>
   <ModuleType>altera_avalon_timer</ModuleType>
   <SOPCModuleParameter>
    <C>357</C>
    <Name>alwaysRun</Name>
    <Value>false</Value>
   </SOPCModuleParameter>
   <SOPCModuleParameter>
    <C>358</C>
    <Name>counterSize</Name>
    <Value>32</Value>
   </SOPCModuleParameter>
   <SOPCModuleParameter>
    <C>359</C>
    <Name>fixedPeriod</Name>
    <Value>false</Value>
   </SOPCModuleParameter>
   <SOPCModuleParameter>
    <C>360</C>
    <Name>period</Name>
    <Value>1</Value>
   </SOPCModuleParameter>
   <SOPCModuleParameter>
    <C>361</C>
    <Name>periodUnits</Name>
    <Value>MSEC</Value>
   </SOPCModuleParameter>
   <SOPCModuleParameter>
    <C>362</C>
    <Name>resetOutput</Name>
    <Value>false</Value>
   </SOPCModuleParameter>
   <SOPCModuleParameter>
    <C>363</C>
    <Name>snapshot</Name>
    <Value>true</Value>
   </SOPCModuleParameter>
   <SOPCModuleParameter>
    <C>364</C>
    <Name>systemFrequency</Name>
    <Value>50000000</Value>
   </SOPCModuleParameter>
   <SOPCModuleParameter>
    <C>365</C>
    <Name>timeoutPulseOutput</Name>
    <Value>false</Value>
   </SOPCModuleParameter>
   <SOPCModuleParameter>
    <C>366</C>
    <Name>timerPreset</Name>
    <Value>CUSTOM</Value>
   </SOPCModuleParameter>
  </SOPCModule>
  <SOPCModule>
   <C>367</C>
   <ModuleType>altera_avalon_pio</ModuleType>
   <SOPCModuleParameter>
    <C>368</C>
    <Name>bitClearingEdgeCapReg</Name>
    <Value>false</Value>
   </SOPCModuleParameter>
   <SOPCModuleParameter>
    <C>369</C>
    <Name>bitModifyingOutReg</Name>
    <Value>false</Value>
   </SOPCModuleParameter>
   <SOPCModuleParameter>
    <C>370</C>
    <Name>captureEdge</Name>
    <Value>false</Value>
   </SOPCModuleParameter>
   <SOPCModuleParameter>
    <C>371</C>
    <Name>clockRate</Name>
    <Value>50000000</Value>
   </SOPCModuleParameter>
   <SOPCModuleParameter>
    <C>372</C>
    <Name>direction</Name>
    <Value>Output</Value>
   </SOPCModuleParameter>
   <SOPCModuleParameter>
    <C>373</C>
    <Name>edgeType</Name>
    <Value>RISING</Value>
   </SOPCModuleParameter>
   <SOPCModuleParameter>
    <C>374</C>
    <Name>generateIRQ</Name>
    <Value>false</Value>
   </SOPCModuleParameter>
   <SOPCModuleParameter>
    <C>375</C>
    <Name>irqType</Name>
    <Value>LEVEL</Value>
   </SOPCModuleParameter>
   <SOPCModuleParameter>
    <C>376</C>
    <Name>resetValue</Name>
    <Value>0</Value>
   </SOPCModuleParameter>
   <SOPCModuleParameter>
    <C>377</C>
    <Name>simDoTestBenchWiring</Name>
    <Value>false</Value>
   </SOPCModuleParameter>
   <SOPCModuleParameter>
    <C>378</C>
    <Name>simDrivenValue</Name>
    <Value>0</Value>
   </SOPCModuleParameter>
   <SOPCModuleParameter>
    <C>379</C>
    <Name>width</Name>
    <Value>8</Value>
   </SOPCModuleParameter>
  </SOPCModule>
  <SOPCModule>
   <C>380</C>
   <ModuleType>altera_avalon_tri_state_bridge</ModuleType>
   <SOPCModuleParameter>
    <C>381</C>
    <Name>registerIncomingSignals</Name>
    <Value>true</Value>
   </SOPCModuleParameter>
  </SOPCModule>
  <SOPCModule>
   <C>382</C>
   <ModuleType>altera_avalon_cfi_flash</ModuleType>
   <SOPCModuleParameter>
    <C>383</C>
    <Name>actualHoldTime</Name>
    <Value>40.0</Value>
   </SOPCModuleParameter>
   <SOPCModuleParameter>
    <C>384</C>
    <Name>actualSetupTime</Name>
    <Value>80.0</Value>
   </SOPCModuleParameter>
   <SOPCModuleParameter>
    <C>385</C>
    <Name>actualWaitTime</Name>
    <Value>160.0</Value>
   </SOPCModuleParameter>
   <SOPCModuleParameter>
    <C>386</C>
    <Name>addressWidth</Name>
    <Value>22</Value>
   </SOPCModuleParameter>
   <SOPCModuleParameter>
    <C>387</C>
    <Name>clockRate</Name>
    <Value>50000000</Value>
   </SOPCModuleParameter>
   <SOPCModuleParameter>
    <C>388</C>
    <Name>corePreset</Name>
    <Value>CUSTOM</Value>
   </SOPCModuleParameter>
   <SOPCModuleParameter>
    <C>389</C>
    <Name>dataWidth</Name>
    <Value>16</Value>
   </SOPCModuleParameter>
   <SOPCModuleParameter>
    <C>390</C>
    <Name>holdTime</Name>
    <Value>40</Value>
   </SOPCModuleParameter>
   <SOPCModuleParameter>
    <C>391</C>
    <Name>setupTime</Name>
    <Value>70</Value>
   </SOPCModuleParameter>
   <SOPCModuleParameter>
    <C>392</C>
    <Name>sharedPorts</Name>
    <Value></Value>
   </SOPCModuleParameter>
   <SOPCModuleParameter>
    <C>393</C>
    <Name>timingUnits</Name>
    <Value>NS</Value>
   </SOPCModuleParameter>
   <SOPCModuleParameter>
    <C>394</C>
    <Name>waitTime</Name>
    <Value>160</Value>
   </SOPCModuleParameter>
  </SOPCModule>
  <SOPCModule>
   <C>395</C>
   <ModuleType>altera_avalon_epcs_flash_controller</ModuleType>
   <SOPCModuleParameter>
    <C>396</C>
    <Name>autoSelectASMIAtom</Name>
    <Value>true</Value>
   </SOPCModuleParameter>
   <SOPCModuleParameter>
    <C>397</C>
    <Name>deviceFamilyString</Name>
    <Value>Cyclone II</Value>
   </SOPCModuleParameter>
   <SOPCModuleParameter>
    <C>398</C>
    <Name>useASMIAtom</Name>
    <Value>true</Value>
   </SOPCModuleParameter>
  </SOPCModule>
  <SystemID>2062337793</SystemID>
 </SOPCSystem>
 <SchemaVersion>schema_2011-03-02</SchemaVersion>
</ProgramExecution>
